Price,Close,High,Low,Open,Volume,EMA20,EMA50,EMA200
Ticker,SPY,SPY,SPY,SPY,SPY,,,
Date,,,,,,,,
2025-06-20,587.7673950195312,592.8906208578056,586.3629131433069,591.8224395288368,94051400,587.7673950195312,587.7673950195312,587.7673950195312
2025-06-23,593.5730590820312,593.9587392448562,585.4035696790836,588.5190130228361,87426000,588.3203154064361,587.9950681200214,587.8251628211482
2025-06-24,600.13037109375,601.1885919192599,596.7972471416377,597.7072083922786,67735300,589.4450826147516,588.4709623542853,587.9476027044576
2025-06-25,600.4666748046875,601.940336500435,598.903972841808,601.247995602986,62114800,590.4947580614122,588.9413824503796,588.072170586052
2025-06-26,605.1646118164062,605.5997923429508,601.7029677445283,602.3161684365299,78548400,591.8918869904593,589.5775875235571,588.2422446281452
2025-06-27,608.1712646484375,609.6350865938839,604.1360202356653,606.1635425121184,86258400,593.4423039102667,590.3067513323759,588.4405433348147
2025-06-30,611.0790405273438,612.4340220516922,608.2998373553096,610.6142201701539,92502500,595.1219931118931,591.1213509086492,588.6658020133474
2025-07-01,610.8812866210938,612.0483479268365,608.7746241554748,609.6053849111585,70030100,596.6228782080075,591.896250348353,588.8868516114345
2025-07-02,613.6505737304688,613.6901136433279,609.8526292762224,610.4757300098587,66510400,598.2445634958609,592.7493610692202,589.1332568066488
2025-07-03,618.4869995117188,619.4167005776212,615.6088560521965,615.628656191773,51065800,600.1724145449903,593.758680223828,589.4253338484904
2025-07-07,613.8780517578125,617.1913758193931,611.0988485499288,616.5286747873084,74814500,601.4777133271639,594.5476751859451,589.6686444744538
2025-07-08,613.5418090820312,615.2923708557059,612.7307881009865,614.5406899285775,59024600,602.6266748276274,595.2925431818701,589.9061884008973
2025-07-09,617.2210083007812,617.8737488887257,614.1055045789822,615.945166968477,66113300,604.0166113488801,596.1524829904549,590.1779776536325
2025-07-10,618.9617309570312,620.0002120765442,616.1825277796053,617.3594891460615,57529000,605.439956073466,597.0469633028697,590.4643831591391
2025-07-11,616.7858276367188,618.0122289852302,614.7187654701638,615.9154666088177,63670200,606.5205152699662,597.821036414001,590.726288079314
2025-07-14,617.9627685546875,618.3089087938923,614.9857451789246,616.3308265898004,51898500,607.610253678035,598.6109082626554,590.9972978352879
2025-07-15,615.322021484375,620.9793073894895,615.2428812967698,620.6430672331502,74317300,608.3447077548292,599.2662460360561,591.2393348865227
2025-07-16,617.3792114257812,617.8836320494379,611.276844692317,616.9044910111767,88987500,609.2051366758722,599.9765584042807,591.4994331605452
2025-07-17,621.1573486328125,621.5134493059918,617.3396644874989,617.557284919235,68885700,610.3434425765331,600.807177628929,591.7945367970851
2025-07-18,620.7025146484375,622.5717567026577,619.5947932954602,622.4036365954075,65621600,611.3300208690954,601.5873869238117,592.0821783677453
2025-07-21,621.8794555664062,624.6190586454088,621.4541750937276,621.8794555664062,63375000,612.334728935506,602.3831543215605,592.37866868813
2025-07-22,621.9683837890625,622.8288447335428,619.3276609031153,622.2057439990875,60046300,613.2522198739399,603.1512025359723,592.67309371401
2025-07-23,627.259765625,627.259765625,622.8288205336723,624.6288825447934,70511000,614.5862718502314,604.0966363826009,593.017239703174
2025-07-24,627.4674072265625,629.1784892953694,627.0421268182102,627.6454273719465,71307100,615.8130466479772,605.0131372000112,593.3600274397252
2025-07-25,630.1181030273438,630.5928838363332,627.8829206987424,628.1301809903662,56865400,617.1754329698216,605.9976456638282,593.7257794356219
2025-07-28,629.9598999023438,631.0478210681617,628.5752180855901,630.4939604147171,54917100,618.3930012491095,606.9373419084758,594.0863179477286
2025-07-29,628.2982788085938,631.6708825055948,627.3883778702398,631.3543820995848,60556300,619.3363610166793,607.7750257084805,594.4267354687323
2025-07-30,627.5070190429688,630.6917023127537,624.6189756546709,628.9509803708415,80418900,620.114518923945,608.5488293686565,594.7558925192222
2025-07-31,625.1531982421875,632.8380075585872,623.857556644127,632.4523273568442,103385200,620.59439314473,609.1999810891871,595.0583532726846
2025-08-01,614.9066162109375,619.476041722763,612.5032535330552,619.4364414435403,140103600,620.0527001034164,609.4237707018048,595.255848426299
2025-08-04,624.2530517578125,624.3024917393647,618.7243458354196,618.813325728958,73218000,620.4527335943113,610.0053111353737,595.5443778126823
2025-08-05,621.0880737304688,625.6772386500149,620.168272806011,624.8662177521945,68051400,620.5132421787073,610.4399292763579,595.7985439412175
2025-08-06,625.845458984375,626.4981995520814,621.2463937026511,622.1562946160922,64357500,621.0210723506757,611.0440676962802,596.097518220254
2025-08-07,625.3212280273438,629.9993730574174,622.2156245224251,629.2674923107387,74205800,621.4306109865489,611.6039563367141,596.3883014024141
2025-08-08,630.197265625,630.6621463802445,626.794961476664,627.1114619051468,64051600,622.2655304759252,612.3331057205685,596.7247090066189
2025-08-11,628.9509887695312,631.9478122276477,627.7047873460086,630.474150672182,58742300,622.902240789602,612.9847874087632,597.0453685067474
2025-08-12,635.6468505859375,635.8050706066525,629.8114837326607,631.2950454377703,64730800,624.1160131511579,613.8734957686524,597.4294628557941
2025-08-13,637.8228149414062,639.1085564704525,635.6370120856271,637.8425547169825,60092800,625.4214228454672,614.8126847558193,597.8313867571435
2025-08-14,637.882080078125,638.5447207235369,635.300697252298,635.7457174616427,59327500,626.6081521057204,615.7173669253216,598.2299011185463
2025-08-15,636.388671875,639.0096552004113,635.4787708739423,638.9107148606824,68592500,627.539630178985,616.528006335113,598.6095903798046
2025-08-18,636.2501831054688,636.9425240091701,635.1424618060598,635.8150025688236,43804900,628.3692066481739,617.3014250319897,598.9841236407565
2025-08-19,632.7984008789062,637.0512656505922,631.4829592777961,636.0721245937336,69750700,628.7910346701484,617.909149575006,599.3205841107879
2025-08-20,631.1170043945312,632.6500060324975,626.013578858981,632.3929060531275,88890300,629.0125555962801,618.4271046659679,599.6369664021685
2025-08-21,628.5850830078125,630.9785456585483,626.864161086776,629.3071240874224,54805800,628.9718439211879,618.8254567578049,599.9250073634188
2025-08-22,638.2381591796875,639.4151205943501,630.2664897119097,630.7709103705197,84083200,629.8543501362831,619.5867392057219,600.3062327546255
2025-08-25,635.42919921875,638.2183023325629,635.3105191174199,636.9820009718095,51274300,630.3852881441371,620.2080121474092,600.655715008
2025-08-26,638.0897827148438,638.4359833484747,634.5391586749303,635.1622594491828,51581600,631.1190495318235,620.9092580520145,601.0281932936402
2025-08-27,639.543701171875,640.2755819843173,637.3578984386413,637.5062787617181,48341100,631.9213973070665,621.6400205273031,601.4114321780008
2025-08-28,641.8085327148438,642.3623933153343,638.267809046051,640.146950913372,61519500,632.8630292506643,622.4309425738734,601.8133933773723
2025-08-29,637.9810180664062,640.7404816664739,636.0919759234915,640.374480883152,74522200,633.3504567569255,623.0407494559336,602.1732702399498
2025-09-02,633.2533569335938,633.4709169972102,627.9619508913343,630.5136938017484,81983500,633.3412091547034,623.4412438668222,602.4825248339165
2025-09-03,636.6853637695312,637.1502445176759,633.4413400681225,635.6270824559713,70820900,633.6597000704013,623.9606211179089,602.8228515894947
2025-09-04,642.00634765625,642.0360478647699,636.4578416280056,637.3578424589464,65219200,634.4546188881012,624.668296668432,603.2127371224973
2025-09-05,640.14697265625,645.0625384730564,636.2798483910566,644.3404973975818,85178900,634.9967478184011,625.2753035699152,603.580241953679
2025-09-08,641.719482421875,642.7184234803435,640.1369806181674,641.5117620821245,63133100,635.6370082568271,625.9201733288156,603.9597368837108
2025-09-09,643.2030639648438,643.7272243154101,640.1271005117621,641.8579222981767,66133900,636.357584990924,626.5979337459148,604.3502177501897
2025-09-10,645.0625,647.3768223058731,643.4997982019892,646.4570213518696,78034500,637.1866245155979,627.3220343833299,604.7553150860086
2025-09-11,650.4231567382812,651.1154976382888,646.4274520986086,647.0109525903231,69934400,638.447246632044,628.2279607501907,605.2097214706083
2025-09-12,650.20556640625,651.8869485652141,649.701206088218,650.3934866540098,72780100,639.5670866105397,629.0898276386636,605.6574413207143
2025-09-15,653.6671142578125,653.7956944276398,652.114372883025,652.4110731340584,63772400,640.9099463864704,630.0536428001989,606.1351495091432
2025-09-16,652.76708984375,654.5276118800496,651.9857691498868,654.2209512044083,61169000,642.0391981443066,630.9443662136715,606.5991489154577
2025-09-17,651.9561767578125,654.4683196962441,647.1296508296768,652.7770978636573,101952200,642.9836722979738,631.76835878403,607.0504626253319
2025-09-18,655.00244140625,657.6036246179045,653.0342590569163,654.6365009878455,90459200,644.1283169749526,632.6794992790192,607.5275967425549
2025-09-19,658.2465209960938,659.0895125014193,654.9438659954435,656.8877828567474,97945600,645.4729078341089,633.6821275816495,608.0322626555255
2025-09-22,661.3607177734375,661.8069717744121,656.7290467709187,656.7588293222589,69452200,646.9860325902354,634.7675624911315,608.5628940497336
2025-09-23,657.7605590820312,661.856628548307,656.5406245808955,661.2416672722171,81708900,648.0121779704064,635.6692486319511,609.0524230550301
2025-09-24,655.6677856445312,659.1489540239103,654.2495430702726,659.0497999269948,68082200,648.7412834631801,636.4535049853855,609.516257508657
2025-09-25,652.6429443359375,653.9917550046746,649.0328388399253,652.5338627083877,89622100,649.1128702129665,637.088384959917,609.94537877062
2025-09-26,656.3819580078125,656.9274266555326,652.4743298182361,654.0909412604747,69179200,649.8051642886661,637.8449956676776,610.4074342854179
2025-09-29,658.2266845703125,659.8135740530697,656.4216318338509,658.9010899003678,73499000,650.6072138392991,638.644277585428,610.8832477210887
2025-09-30,660.7061157226562,661.1722852976668,656.173659297658,657.4828203674869,86288000,651.5690140186665,639.5094477084565,611.3789976514526
2025-10-01,662.9574584960938,663.8698820443607,657.6117327913598,657.7208144097488,72545400,652.6536277784214,640.4289775432658,611.8922161673197
2025-10-02,663.7210693359375,665.0600128657511,661.3011766397112,664.9410037342527,56896000,653.7076698315182,641.3423929076843,612.407926149097
2025-10-03,663.7112426757812,667.1527012490268,662.6698219114437,664.4848020775174,70494400,654.6603910547813,642.2196027025116,612.9184069105565
2025-10-06,666.0914916992188,666.9841207809839,663.9591941673339,666.1014192164715,54623300,655.7490673066325,643.1557552121864,613.4474923313393
2025-10-07,663.6219482421875,667.4601442579947,662.1838505424819,667.0138297258598,72020100,656.498865490971,643.9583510172844,613.9467406488602
2025-10-08,667.5791625976562,667.6783772359653,663.919480237528,664.7426772273783,60702200,657.5541318820839,644.8846573537695,614.4803965886492
2025-10-09,665.6452026367188,668.4023890582872,663.7112737749407,667.9957845708525,66501900,658.3247100491919,645.6987963844734,614.9894991363913
2025-10-10,647.6542358398438,668.4122493878771,647.4757221413303,666.6071968358344,159422600,657.3084744102065,645.775480284684,615.3145213921471
2025-10-13,657.5919189453125,659.664772492732,654.3488290056752,655.2216030747315,79560500,657.3354691278356,646.2388700360813,615.7351920145667
2025-10-14,656.78857421875,660.3590300864076,647.8030207789583,651.7701536094826,88779600,657.2833838983988,646.6525839255977,616.1436833797825
2025-10-15,659.7044067382812,664.7228272522149,653.5156893256119,661.3408732132422,81702600,657.5139575021972,647.1644201143305,616.5771234132004
2025-10-16,655.2117309570312,663.2154294168515,651.710706867285,661.3409444600238,110563300,657.294697831229,647.4800009316914,616.9615473688605
2025-10-17,658.9308471679688,660.2895852935891,652.7322022395391,654.0810128478913,96500900,657.4505215775852,647.9290537252709,617.3791523419859
2025-10-20,665.7840576171875,666.6866142382812,661.7872027532737,661.8367798071084,60493400,658.2441916765948,648.6292499563265,617.8607931904954
2025-10-21,665.7741088867188,667.4601523988813,664.4748753427003,665.9229005771253,56249000,658.9613266489877,649.3015973653615,618.3375426004081
2025-10-22,662.3128051757812,666.4783066993808,657.8497808005621,666.4783066993808,80564000,659.2805150801108,649.8118408089074,618.7751074021531
2025-10-23,666.2402954101562,667.1825015615415,662.3128121266341,662.6301900162397,65604500,659.9433513020199,650.456093930525,619.2473978300935
2025-10-24,671.6851806640625,672.8951271271609,670.0983517375236,670.9016937183009,74356500,661.0616207650716,651.2886071357617,619.7691668135161
2025-10-27,679.6094970703125,679.9070199177999,676.5151383891614,677.1201116013259,63339800,662.8280851750945,652.39923027045,620.3645929852256
2025-10-28,681.4144897460938,683.2492642554724,679.2028328185232,681.4045622297778,61738100,664.5982189437611,653.5370835832204,620.9720546445378
2025-10-29,681.7418823242188,684.0328991417463,677.2590027977353,683.0609104229828,85657100,666.2309487895191,654.643154122083,621.5767295468232
2025-10-30,674.2440185546875,680.3037996369978,674.2440185546875,678.2805836148408,76335800,666.9940982909637,655.4118154723814,622.1007821737672
2025-10-31,676.4556274414062,679.4508319897004,673.6587916341136,679.4111219213156,87164100,667.8951963052916,656.2370630005785,622.641626405286
2025-11-03,677.7251586914062,680.1649066224819,674.3530715971103,680.0359699637585,57315000,668.8313831992074,657.0797334198267,623.1897212539042
2025-11-04,669.6917114257812,674.3729598389511,669.0371611161902,670.5545580097922,78427000,668.9133192207859,657.5743207926092,623.6524276237736
2025-11-05,672.012451171875,675.2654684624238,668.6304366940664,669.4337786331213,74402400,669.2084746446992,658.140521983953,624.1336218879338
2025-11-06,664.8021850585938,671.8140994484131,663.2252231578799,670.9115428502156,85035300,668.788828017451,658.4017636731546,624.53828420804
2025-11-07,665.4567260742188,665.5658682287408,655.7769731606511,662.4218719882706,100592400,668.4714849752385,658.6784288653532,624.9454328833253
2025-11-10,675.8407592773438,676.57466917413,669.4834554774103,671.6752576501947,75842900,669.1733206230581,659.3514614305293,625.4518540414748
2025-11-11,677.3878784179688,677.9532020666294,673.1529450781785,674.3629519753922,58953400,669.9556594606686,660.058771900625,625.96863040343
2025-11-12,677.7647705078125,679.3318048264125,675.3547447293747,679.1631581075335,62312500,670.6993843223014,660.7531247871813,626.4840148820805
2025-11-13,666.5180053710938,675.265541055433,665.0105359672095,674.9085136071693,103457800,670.3011577555197,660.9791985355699,626.8823630461503
2025-11-14,666.4088745117188,670.1082064558575,657.8200586834998,659.9127066954921,96846700,669.930464113253,661.1921270052229,627.2756616676983
2025-11-17,660.2002563476562,668.1742314199619,656.7290154076413,664.1971714004484,90456100,669.0037776593867,661.1532301166909,627.6032695749615
2025-11-18,654.6561889648438,659.6547538697382,650.4708329116884,656.6595496130724,114467500,667.6373406408588,660.8984441891675,627.8724528524729
2025-11-19,657.185302734375,661.856623370592,653.3371790986623,655.3505280387882,94703000,666.641908459289,660.7528307987835,628.1641230005515
2025-11-20,647.1683349609375,670.0090710879778,646.5335791707308,667.3808213360044,165293500,664.7872824118269,660.2201054718092,628.3532196369733
2025-11-21,653.6148681640625,659.0894699034471,645.5020288545189,649.6675301260088,123956200,663.7232429596589,659.96107655778,628.6045793238101
2025-11-24,663.2351684570312,664.5542570793402,656.1538823239337,657.2448196444445,80437900,663.6767596736944,660.089472318535,628.9491623002601
2025-11-25,669.4734497070312,670.6536740212097,659.020017057554,663.135941149376,81077100,664.228825391155,660.4574714318093,629.352389040626
2025-11-26,674.09521484375,676.0986363282427,671.1595147067713,672.0620713400136,71879600,665.1684815294975,660.9922848989441,629.7975912874233
2025-11-28,677.7747192382812,678.0523870500939,674.9084513312986,675.2654787466182,49212000,666.3690755970007,661.6504195789182,630.2749756451433
2025-12-01,674.6802978515625,677.3779187836101,673.1628406770591,673.232272756968,61201200,667.1606205736256,662.1613951974533,630.7168196471972
2025-12-02,675.9300537109375,678.2012155152329,673.7481184984898,676.316803165018,62953800,667.995804681941,662.701342590139,631.1667025732047
2025-12-03,678.2706298828125,679.2822075879724,674.105128319461,674.9779023816353,57238500,668.9743594629763,663.3119028761263,631.6353983673301
2025-12-04,678.7665405273438,679.7384687237238,675.7416137771377,679.6690366334618,61970300,669.9069481357732,663.9179670977427,632.1043649559871
2025-12-05,680.0557861328125,682.7336127271673,678.9549213715281,679.8375623637357,79241000,670.8735041354912,664.5508227461768,632.5814935249107
2025-12-08,678.0127563476562,680.9980334759979,675.9696853695019,680.9484564225444,55231500,671.5534329176022,665.0787417109407,633.0335458913062
2025-12-09,677.4276123046875,679.7583392727543,676.9813582671167,677.5367544682442,58310100,672.112878573515,665.5630111459895,633.4752778954194
2025-12-10,681.92041015625,683.3088703732143,675.711837383319,676.9515664343469,85671300,673.0469292004422,666.204477773843,633.9573190124426
2025-12-11,683.5072631835938,683.5866227950731,676.5647802535024,679.5104080599091,86173700,674.0431514845518,666.883018378147,634.4503532828023
2025-12-12,676.1581420898438,683.2196338188487,673.5893968987631,682.5154459360199,113160300,674.2445791612463,667.2467487197822,634.8653561565042
2025-12-15,675.1365356445312,680.1252340287925,673.6687159286942,680.1053789946951,90811000,674.3295273977496,667.556152128596,635.2660644101164
2025-12-16,673.2918701171875,675.4837328267965,669.4338188610296,673.6488975485244,122030600,674.2307028948389,667.7810822457957,635.6444306360576
2025-12-17,665.8832397460938,674.8489377460819,665.6848710067972,674.3034691132465,110625200,673.4357064044823,667.706657049729,635.9453143087943
2025-12-18,670.9114990234375,675.1464323222394,669.3544527925658,672.0322187932205,108650100,673.1953057015256,667.8323371271293,636.2932365447609
2025-12-19,676.9923095703125,677.4896664833268,672.8940327515619,673.0134542661981,103599500,673.5569251176006,668.1915517327443,636.6982024455127
2025-12-22,681.2098388671875,681.7370055876305,676.9922622536055,680.3245290528953,69556700,674.2857740461326,668.7020727968402,637.1411043004548
2025-12-23,684.3233032226562,684.562024812114,680.2548972126992,680.3046207584179,64840000,675.2417292058014,669.3146700684408,637.6105789165962
2025-12-24,686.7305297851562,687.1781631452748,684.164151137988,684.313382495532,39445600,676.3359006895496,669.9976449592924,638.0993346466316
2025-12-26,686.660888671875,688.0037280321676,685.6264081645946,686.989161229118,41613300,677.3192328783424,670.6511054970407,638.5825341891714
2025-12-29,684.2138671875,685.5567672531378,682.4433081832867,683.9055083361335,62559500,677.9758647173098,671.1829785045097,639.0365773035827
2025-12-30,683.3782958984375,684.9200900521846,682.9505762759469,683.8159723723246,47160700,678.4903819726553,671.6612262454481,639.4777884338798
2025-12-31,678.3152465820312,683.726492314561,678.1063955310838,683.5076844111845,74144800,678.4737024116434,671.9221682194318,639.8642308035131
2026-01-02,679.55859375,683.2390468658663,676.2263268834449,682.0852055985325,89377200,678.5770253962488,672.2216358872972,640.2591995890504
2026-01-05,684.0845947265625,685.7855773037328,682.7517121374489,682.910839643419,71927200,679.1015558086597,672.6868499594253,640.6952731725082
2026-01-06,688.1529541015625,688.6602678554459,684.1442890432024,684.2934596862484,69273800,679.963593741317,673.2933638473523,641.1674889031457
2026-01-07,685.9347534179688,690.2916046822218,685.6761181181482,688.5309418430683,75588300,680.5322756152839,673.7891046148276,641.6129343212036
2026-01-08,685.8651123046875,686.9692300361542,683.8557710289468,685.1787573638412,64019200,681.0401648237985,674.2626735438417,642.0532545001438
2026-01-09,690.4010009765625,691.6344363504869,685.5368360184962,686.9791831428475,80125500,681.9316730288236,674.8955491294387,642.5343266043868
2026-01-12,691.4852294921875,692.410366767912,686.979207477028,687.0289310253164,63976000,682.8415355491439,675.5461248299387,643.0214002649619
2026-01-13,690.1026000976562,692.4103433578374,687.6953490317495,691.813478661017,78309700,683.533065506145,676.1169669973002,643.4898699150385
2026-01-14,686.7105712890625,688.0633674208381,682.4134005947378,687.347202661372,94676700,683.8356851045181,676.5324024597223,643.9199266451283
2026-01-15,688.5806884765625,691.7737417111902,687.5959315038539,690.8983886882239,77862000,684.28759018757,677.0048842643043,644.3643123349933
2026-01-16,688.0037231445312,690.5800586110835,686.4519720383781,689.9931507530615,79289200,684.6415076120425,677.4362112792152,644.7985353281231
2026-01-20,673.9981689453125,681.1501633341576,672.9934983300664,677.8874730475171,111623300,683.6278563104491,677.3013860896504,645.0890789462046
2026-01-21,681.77685546875,685.0991655259935,674.5452667925615,676.0572511802958,127844500,683.4515705160017,677.4768946927524,645.4541314489165
2026-01-22,685.3379516601562,687.476610793547,683.2888434897402,686.2033478813381,77112200,683.631225863064,677.7851714365721,645.8509853813667
2026-01-23,685.5865478515625,687.3074439470811,683.5274830754288,684.5123006998919,63059600,683.8174470048257,678.0911077665717,646.2463641124135
2026-01-26,689.068115234375,690.4607389282814,686.2729717064406,686.8399658941375,60473800,684.3175106457351,678.5215786476621,646.6724511882541
2026-01-27,691.8134765625,692.8480177488461,689.9036431059924,690.5104039402848,55506100,685.0314121616174,679.0428295462832,647.1216156198386
2026-01-28,691.7438354492188,694.1510864943795,690.271678492269,693.3652237572153,61172200,685.6706905699604,679.5409082091434,647.5656178071956
2026-01-29,690.3711547851562,693.375209936545,681.2098793986574,692.7087686795362,97486200,686.1183538285504,679.965623761144,647.9915435482699
2026-01-30,688.3121337890625,690.540343876794,683.4877957603626,688.1330925763239,101835100,686.3272852533612,680.2929378798859,648.3927434511634
2026-02-02,691.73388671875,693.2458711004026,685.7755608588325,685.9347490634862,79286500,686.8421996786363,680.7416025402335,648.8239986080548
2026-02-03,685.885009765625,693.2757257351432,680.4140840721383,692.529690413304,107904600,686.7510387345401,680.9433047843665,649.1927648882297
2026-02-04,682.5626831054688,687.7948875474046,678.1561081391175,686.7006659106327,105204600,686.3521477222477,681.0068098165667,649.524803875466
2026-02-05,674.0379638671875,680.0758839506523,672.2176206040476,677.3404209861714,113610800,685.17936830748,680.7335217401205,649.7687159151847
2026-02-06,686.96923828125,688.6503070282812,677.2508650473027,677.8576866055596,89127600,685.3498321145057,680.9780596436942,650.1388703665883
2026-02-09,690.2816162109375,692.1914496038428,684.7012866666231,685.7755337993461,73885200,685.8195258379754,681.3429049992725,650.5383006734972
2026-02-10,688.4613037109375,692.8579216647231,688.0037135108784,691.276360737094,65185700,686.0711237306385,681.6220578899259,650.9156439873027
2026-02-11,688.3021850585938,693.4547952732178,685.5368515439336,692.7087599208829,76353900,686.2836057618724,681.8840236612463,651.2876493710967
2026-02-12,677.668701171875,691.6742279947084,676.7734344520502,690.5701102294341,118829000,685.4631386580631,681.7187168969572,651.5501473989652
2026-02-13,678.1461181640625,682.6522007204912,673.9384983110481,678.0864377658819,96267500,684.7662795633964,681.5786149858633,651.8147839239912
2026-02-17,679.2402954101562,681.31927396984,672.2077222570326,676.5446598627462,81354700,684.2399953583259,681.4869161789729,652.0876745855451
2026-02-18,682.662109375,685.507036973797,679.2204384959671,680.4041503420104,73570300,684.0897205027711,681.5330021866603,652.3918978172809
2026-02-19,680.8616943359375,682.5527199680946,677.9471901363287,680.2251236342836,58649400,683.7822894392632,681.5066763885927,652.6751793746804
2026-02-20,685.7855834960938,686.4122580979458,678.126274472082,678.7131823752115,100034000,683.9730793494375,681.6744766673183,653.0046361321074
2026-02-23,678.7827758789062,686.3525334522094,676.7734345413753,684.1940214696967,90558100,683.4787647331965,681.5610766364002,653.2611350350606
2026-02-24,683.7164916992188,684.7112054782021,676.4053697086953,678.295350173768,73798700,683.5014053966272,681.6456027172951,653.5641734098284
2026-02-25,689.4859008789062,690.0130676270821,686.4519751919497,686.53156929616,56369500,684.0713573473204,681.9530653902995,653.9216035338989
2026-02-26,685.6561889648438,689.6350440416309,680.7323436648176,689.615191050754,71671000,684.2222936918464,682.0982859226345,654.2373705531123
2026-02-27,682.3637084960938,683.2291046432514,678.0367277603054,679.4790749097389,83308900,684.0452855779653,682.1086946510055,654.5172346122465
2026-03-02,682.7516479492188,684.9797970984218,674.4358553343317,675.1122534180175,87477200,683.9220819942751,682.1339085058374,654.7981740484354
2026-03-03,676.7337036132812,679.0016196644848,666.1200629162043,671.4915420947397,105003100,683.2374745294186,681.9221357649528,655.016438024205
2026-03-04,681.50830078125,683.4579617719511,676.027417786932,678.026802327329,79182200,683.0727913153073,681.9059069420625,655.2800386486532
2026-03-05,677.7084350585938,681.9061587313661,672.0385544367263,678.4743840881955,106606500,682.5619002432394,681.7413002015344,655.5032067721353
2026-03-06,668.8256225585938,672.5358853430707,666.2194774432897,669.8501461298736,100687000,681.2536833208922,681.2348030390662,655.6357681232444
2026-03-09,674.6845092773438,676.3257505242918,658.888450195908,662.8673051642795,102667700,680.6280476976971,680.9779287739005,655.8253078362204
2026-03-10,673.6002807617188,679.7476047325034,671.1930903760745,674.1374043547928,81505300,679.9587365609373,680.6886092440111,656.0021732384643
2026-03-11,672.7548217773438,676.4849986405864,669.7806371390539,673.9982140650914,68441700,679.2726494386903,680.3774803237496,656.1688662587517
2026-03-12,662.5390625,668.0995392824933,662.3500644519811,667.6120785283837,108882200,677.6789744921484,679.6779345267398,656.232251295978
2026-03-13,658.7890014648438,668.7859240392634,657.863924887251,665.7321452917186,97200200,675.879929441929,678.8587606811753,656.2576915961657
2026-03-16,665.493408203125,668.5173163233716,663.5934708305671,664.8468199428278,82023100,674.8907369429953,678.3346292114479,656.349589273847
2026-03-17,667.2440185546875,670.8747480492216,666.1598145596139,668.8355969918504,87128000,674.1624780488708,677.8997033033396,656.4579915552483
2026-03-18,657.9335327148438,666.1796881508768,657.6948111200146,664.8268919718373,82062600,672.6168642075348,677.1167162214379,656.4726735568363
2026-03-19,656.3121337890625,659.4753162945015,651.7066041735543,653.497076818377,111272500,671.0640327391088,676.3008502436976,656.4710761462117
2026-03-20,646.9034423828125,655.0025723674255,643.063298812559,654.8230422006715,163617500,668.7630241337473,675.1480107197414,656.3758758102575
2026-03-23,653.6959228515625,660.9173090129275,652.2596206790361,656.3790129905765,134802700,667.3280621068725,674.3067523719697,656.3492096116636
2026-03-24,651.5015869140625,655.3417305137531,648.2100787416998,649.6463809650626,96457500,665.8207787551763,673.4124321579341,656.3009745599462
2026-03-25,655.1322021484375,659.1917509309695,652.5588148295345,656.9774239230809,90653800,664.8028190783441,672.6955603928558,656.2893449837123
2026-03-26,643.432373046875,653.1672421520028,643.1630473705688,650.3844333840033,96494400,662.7675385039184,671.5479844185036,656.1614149146892
2026-03-27,632.4606323242188,641.0085567819559,631.4831091918358,640.8489947137006,103649400,659.8811664868042,670.0151470814728,655.925586232197
2026-03-30,630.3460693359375,638.7245091624994,627.6630399662237,638.4651675144013,99275900,657.0683000914836,668.4594969738048,655.6710636760154
2026-03-31,648.6688842773438,649.865752001465,636.3405988140365,637.2981538716512,152534100,656.2683557282321,667.6833945151201,655.601390249163
2026-04-01,653.5562744140625,656.8278752918841,651.3220400966815,652.219751792706,97841500,656.0100622697397,667.1293898052747,655.5810408378685
2026-04-02,654.144775390625,656.5086804928782,643.4522901873171,644.7589215344626,68358700,655.8324159003002,666.6201892399944,655.5667496393885
2026-04-06,657.23681640625,658.0247645183308,653.8356054757206,654.1746977251443,39105800,655.9661683294383,666.2522138347495,655.5833672191583
2026-04-07,657.5260009765625,657.9150134208243,649.386996170508,654.9626585699763,69980400,656.1147238196406,665.9100094089382,655.6026969082867
2026-04-08,674.27294921875,675.3402070755335,669.734652974974,674.6519776493207,93606100,657.8440786195558,666.2379678328524,655.7884705631172
2026-04-09,678.162841796875,679.4096297331154,672.0386657215836,673.1059235004034,57134400,659.7791989221577,666.7056099490886,656.0111011226572
2026-04-10,677.7140502929688,680.2774536083281,676.7066358948267,679.5692561407437,42253500,661.4872800050921,667.1373134919859,656.2270508656454
2026-04-13,684.3369750976562,684.536473353906,674.8414790590384,675.669302461078,54185800,663.6634414424791,667.8118100255416,656.5067516042724
2026-04-14,692.675537109375,692.7952238870419,685.8929616905456,685.9229138241225,63480500,666.4264981726596,668.7868581464762,656.8666400172585
2026-04-15,698.1414184570312,698.480571570673,692.4161778504387,693.4734516118131,58240400,669.4469667711712,669.9380173743411,657.2773343300921
2026-04-16,699.8569946289062,700.9741726960574,696.7350934539525,699.2585607342904,49972400,672.3431599004793,671.1113106000104,657.7010125420206
2026-04-17,708.3152465820312,710.5594650064761,703.9464965121796,704.3255249385737,70661900,675.76907291777,672.5702884816583,658.2046367613243
2026-04-20,706.8988037109375,708.0857482546458,704.3254772575062,706.9587079747221,43546800,678.733809183786,673.9165047651594,658.6891558354498
2026-04-21,702.2708129882812,709.4523240430285,700.8345107773317,708.4548936431559,58941400,680.9754285937379,675.0284384209681,659.1228041653287
2026-04-22,709.3825073242188,709.6218808832724,706.4001392457644,707.3278031045794,42518500,683.6808646633076,676.3756568093308,659.6229007141734
2026-04-23,706.6295776367188,710.5295037064266,700.4754491270062,707.6768673789517,56174000,685.866456375061,677.5620850770716,660.0906288427559
2026-04-24,712.10546875,712.6340752101273,707.1881441382454,708.9236633096505,45182000,688.365409934579,678.9167275740492,660.6081894388478
2026-04-27,713.332275390625,713.7911152864904,710.4696550399041,711.3374146094498,33135900,690.7432066446786,680.2663569001894,661.1328072095123
2026-04-28,709.8612060546875,711.0481506026886,707.4274735730012,709.9908768700561,43117400,692.5639684932509,681.4269392199736,661.6176668995141
2026-04-29,709.7515258789062,710.3699278433978,706.5497524472755,709.1729992133655,41859200,694.2008787204561,682.5377073242455,662.0966107699558
2026-04-30,716.8132934570312,717.9403946619685,708.6244289610544,712.7936806635566,67240900,696.3544420287013,683.8818479569038,662.6410553738073
2026-05-01,718.7982177734375,723.0073446973263,718.6186267345964,719.3966516418469,43049800,698.491944480581,685.2511173614738,663.199833109127
2026-05-04,716.1649780273438,720.2644021704073,713.152718877996,718.2196821209096,51950600,700.1750905326536,686.4634256228805,663.7268494764725
2026-05-05,721.9102172851562,723.1769124909786,719.6360467603954,719.9153564929043,36933200,702.2451026043204,687.8534958841464,664.3057884596435
2026-05-06,731.9443359375,732.7023927493656,725.9497697512824,726.288861980811,53288900,705.0736010170042,689.5825484352582,664.9788088325575
2026-05-07,729.7001342773438,734.238430329629,727.8748196364371,733.161188473549,51724600,707.4189851370365,691.1557870957322,665.6228021205654
2026-05-08,735.724609375,736.1834492768152,732.6824588199246,733.0415191543954,47227100,710.1147588739855,692.9035840478604,666.3203325410076
2026-05-11,737.4002685546875,738.8864300819614,734.5576163199453,734.5576163199453,44024000,712.7133788435762,694.648552067736,667.0275955859198
2026-05-12,736.2831420898438,736.9414802248905,729.9494836014034,734.9964788307154,54185300,714.9581182003635,696.2812810882108,667.7167055013817
2026-05-13,740.4025268554688,741.9983910774667,733.5800764180441,736.5723674930287,44200200,717.3813952151354,698.0115260202601,668.439947504905
2026-05-14,746.2474975585938,747.6040491923611,741.649357949993,741.7391534739264,45307600,720.1305478192743,699.9031327472537,669.2141519830512
2026-05-15,737.2706298828125,741.5496453663399,736.0637780312098,739.8838927249178,60410800,721.7629365872303,701.3685247917854,669.891330867626
2026-05-18,736.751953125,739.5147938000424,731.5054597381557,737.9289136337939,47843900,723.1904619717799,702.7561102166173,670.5566106910825
2026-05-19,731.8446044921875,735.7545755811656,729.650306265128,732.8919551385734,54255900,724.0146660213425,703.8968354823261,671.1664414751731
2026-05-20,739.3452758789062,739.9636778498481,732.0042028263388,733.8195334397973,45768000,725.4747241030152,705.2869703998391,671.8448378373994
2026-05-21,740.8114624023438,742.9559620700644,735.1361419849363,736.7419902854853,43332200,726.9353658458084,706.6800877332706,672.5310729076974
2026-05-22,743.7239990234375,747.015507083493,742.566945697205,744.3224328967863,41762000,728.5342832912969,708.1327901368066,673.2394602322322
2026-05-26,748.6613159179688,750.1973368284331,746.4469887578754,748.0827892360243,41123600,730.4511435414561,709.7221440890091,673.9899264579609
2026-05-27,748.5316162109375,749.4492351039673,746.2973210478585,748.9505199197505,42106300,732.173093319502,711.2440841722221,674.7316348137119
2026-05-28,752.6609497070312,753.2095851254732,747.3047533704411,748.3221518516883,41562600,734.1243177373619,712.8682749775087,675.5070508823022
2026-05-29,754.5361328125,756.1320579864754,752.7507543048832,753.9576670103595,55075700,736.0683001254704,714.5023086180967,676.2934099064834
2026-06-01,756.5908203125,758.3264003155792,752.7507376917755,753.4189990020213,43634900,738.0228258575685,716.1528384884655,677.0923891145035
2026-06-02,757.6182250976562,758.4461093852723,754.805464031348,755.0847737682097,31581900,739.8890543566245,717.7789320809827,677.8936412138384
2026-06-03,752.3018798828125,756.8501599793441,751.6336185743088,756.2018667594974,51402500,741.0712282162615,719.1327731712506,678.6340216981068
2026-06-04,755.1445922851562,756.3614281257201,749.5389775481502,750.1673635570705,49923000,742.4115486037754,720.5450013717959,679.3953209079283
2026-06-05,735.65478515625,750.8855669656407,733.6400171295905,750.3768677170906,93989400,741.7680473230587,721.1375419123627,679.9551165720907
2026-06-08,737.3204345703125,743.4247643242134,736.2931129658897,741.4498108327123,49319100,741.3444651561305,721.7721651538509,680.5259157561527
2026-06-09,735.1560668945312,744.9807928982774,720.7332622187009,741.7191759970133,87683500,740.755093893121,722.2970240456423,681.0694993495695
2026-06-10,723.56591796875,736.4826536495077,723.4661992814284,731.5054857614351,60341300,739.1180295193714,722.3467845916465,681.4923492860788
2026-06-11,735.8642578125,738.0984921563339,722.5485255148498,726.8873842592473,86330500,738.8081464996693,722.8768815806995,682.0333633012671
2026-06-12,739.843994140625,742.5270843334097,733.1412911200548,738.8066884479139,57079500,738.9067986559508,723.5422585438339,682.6085934588726
2026-06-15,752.890380859375,754.7356026867302,749.8282623277308,749.9179969688896,60176400,740.2385683896102,724.6931653013061,683.3079147265394
2026-06-16,748.4019775390625,753.4988323298886,747.9531216783239,752.6111046530555,67093100,741.0160359276533,725.6229226439632,683.955616844077
2026-06-17,739.0560302734375,750.217278570044,737.3204502885575,749.3594421826946,85945200,740.82936872249,726.1497111784524,684.5038796642696
2026-06-18,746.739990234375,748.22998046875,743.8599853515625,747.760009765625,80875700,741.3922850569552,726.957173102214,685.1231444460617
